Association for the Advancement of Artificial Intelligence,AAAI
International Joint Conferences on Artificial Intelligence,IJCAI
Conference on Computer Vision and Pattern Recognition,CVPR
European Conference on Computer Vision,ECCV
IEEE International Conference on Computer Vision,ICCV
International Conference on Machine Learning,ICML
Conference on Learning Theory,COLT
Conference on Neural Information Processing Systems,NeurIPS
Conference on Neural Information Processing Systems,NIPS
ACM SIGKDD CONFERENCE ON KNOWLEDGE DISCOVERY AND DATA MINING,KDD
Association for Computational Linguistics,ACL
Conference on Empirical Methods in Natural Language Processing,EMNLP
North American Chapter of the Association for Computational Linguistics,NAACL
ACM SIGIR Conference on Research and Development in Information Retrieval,SIGIR
International World Wide Web Conference,WWW
Architectural Support for Programming Languages and Operating Systems,ASPLOS
International Symposium on Computer Architecture,ISCA
IEEE/ACM International Symposium on Microarchitecture,MICRO
IEEE International Symposium on High-Performance Computer Architecture,HPCA
Annual Conference of the Special Interest Group on Data Communication,SIGCOMM
USENIX Symposium on Networked Systems Design and Implementation,NSDI
The Conference on Computer and Communications Security,CCS
IEEE Symposium on Security and Privacy,IEEE S&P
USENIX Security Symposium,USENIX Security
The Network and Distributed System Security Symposium,NDSS
ACM Special Interest Group on Management of Data Conference,SIGMOD
Very Large Data Bases,VLDB
IEEE International Conference on Data Engineering,ICDE
ACM Symposium on Principles of Database Systems conference,PODS
Design Automation Conference,DAC
IEEE International Conference on Control, Automation and Diagnosis,ICCAD
ACM SIGBED International Conference on Embedded Software,EMSOFT
IEEE Real-Time and Embedded Technology and Applications Symposium,RTAS
IEEE Real-Time Systems Symposium,RTSS
ACM International Symposium on High-Performance Parallel and Distributed Computing,HPDC
International Conference on Supercomputing,ICS
The International Conference for Supercomputing,SC
The Annual International Conference on Mobile Computing and Networking,MobiCom
The International Conference on. Mobile Systems Applications and Services,MobiSys
The ACM Conference on Embedded Networked Sensor Systems,SenSys
The Internet Measurement Conference,IMC
International Conference on Measurement and Modeling of Computer Systems,SIGMETRICS
USENIX Symposium on Operating Systems Design and Implementation,OSDI
The ACM Symposium on Operating Systems Principles,SOSP
The European Conference on Computer Systems,EuroSys
The USENIX Conference on File and Storage Technologies,FAST
USENIX Annual Technical Conference,USENIX ATC
Programming Language Design and Implementation,PLDI
Symposium on Principles of Programming Languages,POPL
The International Conference on Functional Programming,ICFP
Object-Oriented Programming Systems Languages & Applications,OOPSLA
Symposium on the Foundations of Software Engineering,FSE
The International Conference on Software Engineering,ICSE
The IEEE/ACM Automated Software Engineering Conference,ASE
ACM SIGSOFT International Symposium on Software Testing and Analysis,ISSTA
IEEE Annual Symposium on Foundations of Computer Science,FOCS
ACM-SIAM Symposium on Discrete Algorithms,SODA
The Annual ACM Symposium on Theory of Computing,STOC
International Cryptology Conference,CRYPTO
International Conference on the Theory and Applications of Cryptographic Techniques,EuroCrypt
International Conference on Computer-Aided Verification,CAV
Symposium on Logic in Computer Science,LICS
International Society for Computational Biology,ISMB
International Conference on Research in Computational Molecular Biology,RECOMB
The Annual Conference on Computer Graphics,SIGGRAPH
SIGGRAPH Conference and Exhibition on Computer Graphics & Interactive Techniques in Asia,SIGGRAPH Asia
The ACM conference on Economics and Computation,EC
The Conference on Web and Internet Economics,WINE
The ACM CHI Conference on Human Factors in Computing Systems,CHI
ACM Conference on Pervasive and Ubiquitous Computing,UbiComp
International Conference on Pervasive Computing Technologies for Healthcare,Pervasive
PACM on Interactive Mobile Wearable and Ubiquitous Technologies,IMWUT
The ACM Symposium on User Interface Software and Technology,UIST
The International Conference on Robotics and Automation,ICRA
International Conference on Intelligent Robots and Systems,IROS
The RSS International Conference,RSS
The IEEE Visualization Conference,VIS
IEEE Conference on Virtual Reality and 3D User Interfaces,VR
